{
  "hash": "1d0c06fd",
  "browserHash": "8642465e",
  "optimized": {
    "@angular/common": {
      "src": "../../../../../node_modules/@angular/common/fesm2022/common.mjs",
      "file": "@angular_common.js",
      "fileHash": "afb9b756",
      "needsInterop": false
    },
    "@angular/common/http": {
      "src": "../../../../../node_modules/@angular/common/fesm2022/http.mjs",
      "file": "@angular_common_http.js",
      "fileHash": "560c156e",
      "needsInterop": false
    },
    "@angular/core": {
      "src": "../../../../../node_modules/@angular/core/fesm2022/core.mjs",
      "file": "@angular_core.js",
      "fileHash": "167b6bca",
      "needsInterop": false
    },
    "@angular/platform-browser": {
      "src": "../../../../../node_modules/@angular/platform-browser/fesm2022/platform-browser.mjs",
      "file": "@angular_platform-browser.js",
      "fileHash": "7781c1ac",
      "needsInterop": false
    },
    "@angular/router": {
      "src": "../../../../../node_modules/@angular/router/fesm2022/router.mjs",
      "file": "@angular_router.js",
      "fileHash": "4d1984c7",
      "needsInterop": false
    },
    "rxjs": {
      "src": "../../../../../node_modules/rxjs/dist/esm5/index.js",
      "file": "rxjs.js",
      "fileHash": "33d0f6e0",
      "needsInterop": false
    }
  },
  "chunks": {
    "chunk-ORZMFWF5": {
      "file": "chunk-ORZMFWF5.js"
    },
    "chunk-VT2SJOGA": {
      "file": "chunk-VT2SJOGA.js"
    },
    "chunk-LYWEOCCW": {
      "file": "chunk-LYWEOCCW.js"
    },
    "chunk-LY46VLFS": {
      "file": "chunk-LY46VLFS.js"
    },
    "chunk-V4QF72PL": {
      "file": "chunk-V4QF72PL.js"
    }
  }
}